<?xml version="1.0" encoding="utf-8"?>
<!DOCTYPE hibernate-mapping PUBLIC "-//Hibernate/Hibernate Mapping DTD 3.0//EN"
"http://hibernate.sourceforge.net/hibernate-mapping-3.0.dtd">
<!-- 
    Mapping file autogenerated by MyEclipse Persistence Tools
-->
<hibernate-mapping>
    <class name="bean.Da" table="da" schema="dbo" catalog="Test">
        <id name="did" type="java.lang.Integer">
            <column name="did" />
            <generator class="native" />
        </id>
        <many-to-one name="student" class="bean.Student" fetch="select">
            <column name="sid" />
        </many-to-one>
        <many-to-one name="sj" class="bean.Sj" fetch="select">
            <column name="sjid" />
        </many-to-one>
        <many-to-one name="st" class="bean.St" fetch="select">
            <column name="stid" />
        </many-to-one>
        <property name="xsdaan" type="java.lang.String">
            <column name="xsdaan" length="10" />
        </property>
    </class>
</hibernate-mapping>
