<?xml version="1.0" encoding="utf-8"?>
<!DOCTYPE hibernate-mapping PUBLIC "-//Hibernate/Hibernate Mapping DTD 3.0//EN"
"http://hibernate.sourceforge.net/hibernate-mapping-3.0.dtd">
<!-- 
    Mapping file autogenerated by MyEclipse Persistence Tools
-->
<hibernate-mapping>
    <class name="bean.Fx" table="fx" schema="dbo" catalog="Test">
        <id name="fid" type="java.lang.Integer">
            <column name="fid" />
            <generator class="native" />
        </id>
        <property name="fname" type="java.lang.String">
            <column name="fname" length="20" />
        </property>
        <set name="students" inverse="true">
            <key>
                <column name="fid" />
            </key>
            <one-to-many class="bean.Student" />
        </set>
        <set name="sjs" inverse="true">
            <key>
                <column name="fid" />
            </key>
            <one-to-many class="bean.Sj" />
        </set>
        <set name="kms" inverse="true">
            <key>
                <column name="fid" />
            </key>
            <one-to-many class="bean.Km" />
        </set>
        <set name="sts" inverse="true">
            <key>
                <column name="fid" />
            </key>
            <one-to-many class="bean.St" />
        </set>
    </class>
</hibernate-mapping>
