<?xml version="1.0" encoding="utf-8"?>
<!DOCTYPE hibernate-mapping PUBLIC "-//Hibernate/Hibernate Mapping DTD 3.0//EN"
"http://hibernate.sourceforge.net/hibernate-mapping-3.0.dtd">
<!-- 
    Mapping file autogenerated by MyEclipse Persistence Tools
-->
<hibernate-mapping>
    <class name="bean.Km" table="km" schema="dbo" catalog="Test">
        <id name="kid" type="java.lang.Integer">
            <column name="kid" />
            <generator class="native" />
        </id>
        <many-to-one name="jd" class="bean.Jd" fetch="select">
            <column name="jid" />
        </many-to-one>
        <many-to-one name="fx" class="bean.Fx" fetch="select">
            <column name="fid" />
        </many-to-one>
        <property name="kname" type="java.lang.String">
            <column name="kname" length="20" />
        </property>
        <set name="sts" inverse="true">
            <key>
                <column name="kid" />
            </key>
            <one-to-many class="bean.St" />
        </set>
        <set name="sjs" inverse="true">
            <key>
                <column name="kid" />
            </key>
            <one-to-many class="bean.Sj" />
        </set>
    </class>
</hibernate-mapping>
