<?xml version="1.0" encoding="utf-8"?>
<!DOCTYPE hibernate-mapping PUBLIC "-//Hibernate/Hibernate Mapping DTD 3.0//EN"
"http://hibernate.sourceforge.net/hibernate-mapping-3.0.dtd">
<!-- 
    Mapping file autogenerated by MyEclipse Persistence Tools
-->
<hibernate-mapping>
    <class name="bean.Sj" table="sj" schema="dbo" catalog="Test">
        <id name="sjid" type="java.lang.Integer">
            <column name="sjid" />
            <generator class="native" />
        </id>
        <many-to-one name="jd" class="bean.Jd" fetch="select">
            <column name="jid" />
        </many-to-one>
        <many-to-one name="fx" class="bean.Fx" fetch="select">
            <column name="fid" />
        </many-to-one>
        <many-to-one name="km" class="bean.Km" fetch="select">
            <column name="kid" />
        </many-to-one>
        <property name="sname" type="java.lang.String">
            <column name="sname" length="50" />
        </property>
        <property name="leixing" type="java.lang.String">
            <column name="leixing" length="10" />
        </property>
        <property name="banji" type="java.lang.String">
            <column name="banji" length="20" />
        </property>
        <property name="zongfen" type="java.lang.Integer">
            <column name="zongfen" />
        </property>
        <property name="stime" type="java.lang.String">
            <column name="stime" length="30" />
        </property>
        <property name="zhuangtai" type="java.lang.String">
            <column name="zhuangtai" length="10" />
        </property>
        <set name="sses" inverse="true">
            <key>
                <column name="sjid" />
            </key>
            <one-to-many class="bean.Ss" />
        </set>
        <set name="das" inverse="true">
            <key>
                <column name="sjid" />
            </key>
            <one-to-many class="bean.Da" />
        </set>
    </class>
</hibernate-mapping>
