<?xml version="1.0" encoding="utf-8"?>
<!DOCTYPE hibernate-mapping PUBLIC "-//Hibernate/Hibernate Mapping DTD 3.0//EN"
"http://hibernate.sourceforge.net/hibernate-mapping-3.0.dtd">
<!-- 
    Mapping file autogenerated by MyEclipse Persistence Tools
-->
<hibernate-mapping>
    <class name="bean.Student" table="student" schema="dbo" catalog="Test">
        <id name="sid" type="java.lang.Integer">
            <column name="sid" />
            <generator class="native" />
        </id>
        <many-to-one name="jd" class="bean.Jd" fetch="select">
            <column name="jid" />
        </many-to-one>
        <many-to-one name="clas" class="bean.Clas" fetch="select">
            <column name="cid" />
        </many-to-one>
        <many-to-one name="fx" class="bean.Fx" fetch="select">
            <column name="fid" />
        </many-to-one>
        <property name="sname" type="java.lang.String">
            <column name="sname" length="20" />
        </property>
        <property name="spwd" type="java.lang.String">
            <column name="spwd" length="20" />
        </property>
        <property name="sex" type="java.lang.String">
            <column name="sex" length="5" />
        </property>
        <property name="startime" type="java.lang.String">
            <column name="startime" length="20" />
        </property>
        <property name="birthday" type="java.lang.String">
            <column name="birthday" length="20" />
        </property>
        <property name="idcard" type="java.lang.String">
            <column name="idcard" length="30" />
        </property>
        <property name="shengfen" type="java.lang.String">
            <column name="shengfen" length="10" />
        </property>
        <property name="city" type="java.lang.String">
            <column name="city" length="10" />
        </property>
        <property name="tel" type="java.lang.String">
            <column name="tel" length="20" />
        </property>
        <property name="address" type="java.lang.String">
            <column name="address" length="30" />
        </property>
        <set name="cjs" inverse="true">
            <key>
                <column name="sid" />
            </key>
            <one-to-many class="bean.Cj" />
        </set>
        <set name="das" inverse="true">
            <key>
                <column name="sid" />
            </key>
            <one-to-many class="bean.Da" />
        </set>
    </class>
</hibernate-mapping>
