<?xml version='1.0' encoding='UTF-8'?>
<!DOCTYPE hibernate-configuration PUBLIC
          "-//Hibernate/Hibernate Configuration DTD 3.0//EN"
          "http://hibernate.sourceforge.net/hibernate-configuration-3.0.dtd">

<!-- Generated by MyEclipse Hibernate Tools.                   -->
<hibernate-configuration>

	<session-factory>
		<property name="dialect">
			org.hibernate.dialect.SQLServerDialect
		</property>
		<property name="connection.url">jdbc:sqlserver://127.0.0.1:1433;databaseName=Student</property>
		<property name="connection.username">sa</property>
		<property name="connection.password">111</property>
		<property name="connection.driver_class">
			com.microsoft.sqlserver.jdbc.SQLServerDriver
		</property>
		<property name="myeclipse.connection.profile">lipei</property>
		<mapping resource="po/ST.hbm.xml" />
		<mapping resource="po/Answer.hbm.xml" />
		<mapping resource="po/TestPaper.hbm.xml" />
		<mapping resource="po/Scores.hbm.xml" />
		<mapping resource="po/Direction.hbm.xml" />
		<mapping resource="po/Classes.hbm.xml" />
		<mapping resource="po/Writer.hbm.xml" />
		<mapping resource="po/Subject.hbm.xml" />
		<mapping resource="po/Student.hbm.xml" />
		<mapping resource="po/Acc.hbm.xml" />
		<mapping resource="po/Paragraph.hbm.xml" />

	</session-factory>

</hibernate-configuration>