<?xml version="1.0" encoding="UTF-8"?>
   <!DOCTYPE struts PUBLIC
	"-//Apache Software Foundation//DTD Struts Configuration 2.0//EN"
	"http://struts.apache.org/dtds/struts-2.0.dtd">
	
	<struts>
	  <constant name="struts.i18n.encoding" value="utf-8"></constant>
	  <constant name="struts.multipart.maSize" value="1111111073747824"></constant>
		<package name="demo" extends="struts-default">		
			<action name="*_Login" class="action.LoginAction" method="{1}">
				<result name="index">index.jsp</result>
					<result name="login">login.jsp</result>
				
			</action>
			<action name="*_list" class="action.ListAction" method="{1}">
			    <result name="su">subjectfind.jsp</result>
			    <result name="wr">writerfind.jsp</result>
			    <result name="s">tianjiashiti.jsp</result>
			    <result name="id">bianjishiti.jsp</result>
			</action>
				<action name="*_test" class="action.TestAction" method="{1}">
			       <result name="test">testPaperfind.jsp</result>
			       <result name="list">addclasses.jsp</result>
			         <result name="su">xuantizujuan.jsp</result>
			         <result name="sub">suijizujuan.jsp</result>
			         <result name="sts">stlist.jsp</result>
			</action>
			
				<action name="*_eaxm" class="action.EaxmAction" method="{1}">
			       <result name="pap">studentexam.jsp</result>
			       <result name="p">ksks.jsp</result>
			       <result name="test">studentexam.jsp</result>
			     
			</action>
			<action name="*_score" class="action.ScoreAction" method="{1}">
			       <result name="list">soretestPage.jsp</result>
			        <result name="score">score.jsp</result>
			        <result name="sco">sco.jsp</result>
			     
			</action>
			<action name="*_on" class="action.OnloadAction" method="{1}">
			<interceptor-ref name="defaultStack">
			   <param name="fileUpload.maximumSize">8888888888888888</param>
		     </interceptor-ref>
			    <result name="onload">download.jsp</result>
	            <result name="dow" type="stream" >
	               <param name="contentType">application/octet-stream</param>
	               <param name="inputName">ism</param>
		           <param name="ContentDisposition">filename = ${fileName}</param>
	            </result>
			</action>
		
		</package>
	</struts>