<?xml version="1.0" encoding="utf-8"?>
<!DOCTYPE hibernate-mapping PUBLIC "-//Hibernate/Hibernate Mapping DTD 3.0//EN"
"http://hibernate.sourceforge.net/hibernate-mapping-3.0.dtd">
<!-- 
    Mapping file autogenerated by MyEclipse Persistence Tools
-->
<hibernate-mapping>
    <class name="bean.Cj" table="cj" schema="dbo" catalog="Test">
        <id name="cid" type="java.lang.Integer">
            <column name="cid" />
            <generator class="native" />
        </id>
        <many-to-one name="student" class="bean.Student" fetch="select">
            <column name="sid" />
        </many-to-one>
        <property name="startime" type="java.lang.String">
            <column name="startime" length="20" />
        </property>
        <property name="overtime" type="java.lang.String">
            <column name="overtime" length="20" />
        </property>
        <property name="cj" type="java.lang.Integer">
            <column name="cj" />
        </property>
    </class>
</hibernate-mapping>
