<?xml version="1.0" encoding="utf-8"?>
<!DOCTYPE hibernate-mapping PUBLIC "-//Hibernate/Hibernate Mapping DTD 3.0//EN"
"http://hibernate.sourceforge.net/hibernate-mapping-3.0.dtd">
<!-- 
    Mapping file autogenerated by MyEclipse Persistence Tools
-->
<hibernate-mapping>
    <class name="bean.Ss" table="ss" schema="dbo" catalog="Test">
        <id name="ssid" type="java.lang.Integer">
            <column name="ssid" />
            <generator class="native" />
        </id>
        <many-to-one name="sj" class="bean.Sj" fetch="select">
            <column name="sjid" />
        </many-to-one>
        <many-to-one name="st" class="bean.St" fetch="select">
            <column name="stid" />
        </many-to-one>
    </class>
</hibernate-mapping>
