<?xml version="1.0" encoding="utf-8"?>
<!DOCTYPE hibernate-mapping PUBLIC "-//Hibernate/Hibernate Mapping DTD 3.0//EN"
"http://hibernate.sourceforge.net/hibernate-mapping-3.0.dtd">
<!-- 
    Mapping file autogenerated by MyEclipse Persistence Tools
-->
<hibernate-mapping>
    <class name="bean.St" table="st" schema="dbo" catalog="Test">
        <id name="stid" type="java.lang.Integer">
            <column name="stid" />
            <generator class="native" />
        </id>
        <many-to-one name="jd" class="bean.Jd" fetch="select">
            <column name="jid" />
        </many-to-one>
        <many-to-one name="fx" class="bean.Fx" fetch="select">
            <column name="fid" />
        </many-to-one>
        <many-to-one name="km" class="bean.Km" fetch="select">
            <column name="kid" />
        </many-to-one>
        <property name="tmdl" type="java.lang.String">
            <column name="tmdl" length="20" />
        </property>
        <property name="tmtype" type="java.lang.String">
            <column name="tmtype" length="20" />
        </property>
        <property name="tname" type="java.lang.String">
            <column name="tname" length="50" />
        </property>
        <property name="aoption" type="java.lang.String">
            <column name="aoption" length="50" />
        </property>
        <property name="boption" type="java.lang.String">
            <column name="boption" length="50" />
        </property>
        <property name="coption" type="java.lang.String">
            <column name="coption" length="50" />
        </property>
        <property name="doption" type="java.lang.String">
            <column name="doption" length="50" />
        </property>
        <property name="daan" type="java.lang.String">
            <column name="daan" length="10" />
        </property>
        <property name="nandu" type="java.lang.String">
            <column name="nandu" length="10" />
        </property>
        <property name="zhangjie" type="java.lang.String">
            <column name="zhangjie" length="10" />
        </property>
        <set name="sses" inverse="true">
            <key>
                <column name="stid" />
            </key>
            <one-to-many class="bean.Ss" />
        </set>
        <set name="das" inverse="true">
            <key>
                <column name="stid" />
            </key>
            <one-to-many class="bean.Da" />
        </set>
    </class>
</hibernate-mapping>
