<?xml version="1.0" encoding="UTF-8"?>
<!DOCTYPE struts PUBLIC
	"-//Apache Software Foundation//DTD Struts Configuration 2.1//EN"
	"http://struts.apache.org/dtds/struts-2.0.dtd">
<struts>
<constant name="struts.il8n.encoding" value="utf-8"></constant><!-- 中文乱码的处理 -->
	<package name="demo" extends="struts-default" namespace="/">
		<action name="*_login" class="action.LoginAction" method="{1}">
			<result name="index">index.jsp</result>
				<result name="login">login.jsp</result>
		</action>
		
		<action name="*_tk" class="action.TkAction" method="{1}">
		<result name="st">st.jsp</result>
		<result name="shiti">shiti.jsp</result>
		<result name="xiugaishiti">xiugaishiti.jsp</result>
		<result name="tjshiti">tjshiti.jsp</result>
		</action>
		
		<action name="*_sj" class="action.SjAction" method="{1}">
		<result name="sj">sj.jsp</result>
		<result name="sjsj">sjsj.jsp</result>
		<result name="chakanshijuan">chakanshijuan.jsp</result>
		<result name="kaishikaoshi">kaishikaoshi.jsp</result>
		<result name="xuantizujuan">xuantizujuan.jsp</result>
		</action>
		
		<action name="*_zx" class="action.ZaixianAction" method="{1}">
		<result name="stukaoshi">stukaoshi.jsp</result>
		<result name="ksks">ksks.jsp</result>
		</action>
	</package>
</struts>
