<?xml version="1.0" encoding="utf-8"?>
<!DOCTYPE hibernate-mapping PUBLIC "-//Hibernate/Hibernate Mapping DTD 3.0//EN"
"http://hibernate.sourceforge.net/hibernate-mapping-3.0.dtd">
<!-- 
    Mapping file autogenerated by MyEclipse Persistence Tools
-->
<hibernate-mapping>
    <class name="po.Answer" table="answer" schema="dbo" catalog="Student">
        <id name="aid" type="java.lang.Integer">
            <column name="aid" />
            <generator class="native" />
        </id>
        <many-to-one name="testPaper" class="po.TestPaper" fetch="select" cascade="all">
            <column name="tid" />
        </many-to-one>
        <many-to-one name="writer" class="po.Writer" fetch="select" cascade="all">
            <column name="wid" />
        </many-to-one>
        <many-to-one name="student" class="po.Student" fetch="select" cascade="all">
            <column name="did" />
        </many-to-one>
        <property name="stuans" type="java.lang.String">
            <column name="stuans" length="10" />
        </property>
    </class>
</hibernate-mapping>
