<?xml version="1.0" encoding="utf-8"?>
<!DOCTYPE hibernate-mapping PUBLIC "-//Hibernate/Hibernate Mapping DTD 3.0//EN"
"http://hibernate.sourceforge.net/hibernate-mapping-3.0.dtd">
<!-- 
    Mapping file autogenerated by MyEclipse Persistence Tools
-->
<hibernate-mapping>
    <class name="po.ST" table="s_t" schema="dbo" catalog="Student">
        <id name="stid" type="java.lang.Integer">
            <column name="stid" />
            <generator class="native" />
        </id>
        <many-to-one name="testPaper" class="po.TestPaper" fetch="select" cascade="all">
            <column name="tid" />
        </many-to-one>
        <many-to-one name="writer" class="po.Writer" fetch="select" cascade="all">
            <column name="wid" />
        </many-to-one>
    </class>
</hibernate-mapping>
