<?xml version="1.0" encoding="utf-8"?>
<!DOCTYPE hibernate-mapping PUBLIC "-//Hibernate/Hibernate Mapping DTD 3.0//EN"
"http://hibernate.sourceforge.net/hibernate-mapping-3.0.dtd">
<!-- 
    Mapping file autogenerated by MyEclipse Persistence Tools
-->
<hibernate-mapping>
    <class name="po.Student" table="student" schema="dbo" catalog="Student">
        <id name="did" type="java.lang.Integer">
            <column name="did" />
            <generator class="native" />
        </id>
        <many-to-one name="classes" class="po.Classes" fetch="select" cascade="all">
            <column name="cid" />
        </many-to-one>
        <property name="nam" type="java.lang.String">
            <column name="nam" length="20" />
        </property>
        <property name="pwd" type="java.lang.String">
            <column name="pwd" length="20" />
        </property>
        <property name="sname" type="java.lang.String">
            <column name="sname" length="20" />
        </property>
        <set name="scoreses" inverse="true" cascade="all">
            <key>
                <column name="did" />
            </key>
            <one-to-many class="po.Scores" />
        </set>
        <set name="answers" inverse="true">
            <key>
                <column name="did" />
            </key>
            <one-to-many class="po.Answer" />
        </set>
    </class>
</hibernate-mapping>
