<?xml version="1.0" encoding="utf-8"?>
<!DOCTYPE hibernate-mapping PUBLIC "-//Hibernate/Hibernate Mapping DTD 3.0//EN"
"http://hibernate.sourceforge.net/hibernate-mapping-3.0.dtd">
<!-- 
    Mapping file autogenerated by MyEclipse Persistence Tools
-->
<hibernate-mapping>
    <class name="po.Subject" table="subject" schema="dbo" catalog="Student">
        <id name="sid" type="java.lang.Integer">
            <column name="sid" />
            <generator class="native" />
        </id>
        <many-to-one name="paragraph" class="po.Paragraph" fetch="select" cascade="all">
            <column name="pid" />
        </many-to-one>
        <many-to-one name="direction" class="po.Direction" fetch="select" cascade="all">
            <column name="did" />
        </many-to-one>
        <property name="sname" type="java.lang.String">
            <column name="sname" length="20" />
        </property>
        <set name="testPapers" inverse="true">
            <key>
                <column name="sid" />
            </key>
            <one-to-many class="po.TestPaper" />
        </set>
        <set name="writers" inverse="true" cascade="all">
            <key>
                <column name="sid" />
            </key>
            <one-to-many class="po.Writer" />
        </set>
    </class>
</hibernate-mapping>
