<?xml version="1.0" encoding="utf-8"?>
<!DOCTYPE hibernate-mapping PUBLIC "-//Hibernate/Hibernate Mapping DTD 3.0//EN"
"http://hibernate.sourceforge.net/hibernate-mapping-3.0.dtd">
<!-- 
    Mapping file autogenerated by MyEclipse Persistence Tools
-->
<hibernate-mapping>
    <class name="po.TestPaper" table="testPaper" schema="dbo" catalog="Student">
        <id name="tid" type="java.lang.Integer">
            <column name="tid" />
            <generator class="native" />
        </id>
        <many-to-one name="subject" class="po.Subject" fetch="select" cascade="all">
            <column name="sid" />
        </many-to-one>
        <property name="tname" type="java.lang.String">
            <column name="tname" length="50" />
        </property>
        <property name="testType" type="java.lang.String">
            <column name="testType" length="10" />
        </property>
        <property name="cla" type="java.lang.String">
            <column name="cla" length="50" />
        </property>
        <property name="score" type="java.lang.Integer">
            <column name="score" />
        </property>
        <property name="testTime" type="java.sql.Timestamp">
            <column name="testTime" length="23" />
        </property>
             <property name="overtime" type="java.sql.Timestamp">
            <column name="overtime" length="23" />
        </property>
        <property name="stime" type="java.lang.Integer">
            <column name="stime" />
        </property>
        <property name="state" type="java.lang.Integer">
            <column name="state" />
        </property>
        <set name="scoreses" inverse="true" cascade="all">
            <key>
                <column name="tid" />
            </key>
            <one-to-many class="po.Scores" />
        </set>
        <set name="STs" inverse="true" cascade="all">
            <key>
                <column name="tid" />
            </key>
            <one-to-many class="po.ST" />
        </set>
        <set name="answers" inverse="true" cascade="all">
            <key>
                <column name="tid" />
            </key>
            <one-to-many class="po.Answer" />
        </set>
    </class>
</hibernate-mapping>
