<?xml version='1.0' encoding='UTF-8'?>
<!DOCTYPE hibernate-configuration PUBLIC
          "-//Hibernate/Hibernate Configuration DTD 3.0//EN"
          "http://hibernate.sourceforge.net/hibernate-configuration-3.0.dtd">
<!-- Generated by MyEclipse Hibernate Tools.                   -->
<hibernate-configuration>

	<session-factory>
		<property name="dialect">
			org.hibernate.dialect.SQLServerDialect
		</property>
		<property name="connection.url">
			jdbc:sqlserver://127.0.0.1:1433;databaseName=Test
		</property>
		<property name="connection.username">sa</property>
		<property name="connection.password">123</property>
		<property name="connection.driver_class">
			com.microsoft.sqlserver.jdbc.SQLServerDriver
		</property>
		<property name="myeclipse.connection.profile">sql</property>
		<property name="show_sql">true</property>
		<mapping resource="bean/Uuser.hbm.xml" />
		<mapping resource="bean/Student.hbm.xml" />
		<mapping resource="bean/Jd.hbm.xml" />
		<mapping resource="bean/Da.hbm.xml" />
		<mapping resource="bean/Km.hbm.xml" />
		<mapping resource="bean/Ss.hbm.xml" />
		<mapping resource="bean/St.hbm.xml" />
		<mapping resource="bean/Sj.hbm.xml" />
		<mapping resource="bean/Fx.hbm.xml" />
		<mapping resource="bean/Clas.hbm.xml" />
		<mapping resource="bean/Cj.hbm.xml" />

	</session-factory>

</hibernate-configuration>